cnn_prob_corrosion,cnn_prob_punzonamiento,ubicacion,direccion_fisura,manchas_oxido,eflorescencias_sal,recubrimiento_desprendido,ambiente_humedo,recubrimiento_bajo25mm,acero_visible_corrosion,forma_fisura,DIAGNOSTICO_REAL
0.269,0.733,zapata,inclinada,0,0,0,1,0,0,piramidal,1
0.57,0.438,columna,inclinada,0,0,0,0,1,0,anillo,1
0.614,0.34,losa,longitudinal,1,1,1,1,0,0,lineal,0
0.55,0.461,viga,vertical,1,1,1,1,0,0,difusa,0
0.673,0.33,losa,longitudinal,0,1,1,0,1,0,lineal,0
0.221,0.769,columna,radial,0,0,1,0,0,0,poligonal,1
0.929,0.1,zapata,vertical,1,1,1,1,0,0,lineal,0
0.319,0.68,columna,inclinada,0,1,1,1,0,0,anillo,1
0.879,0.114,losa,longitudinal,1,1,1,1,1,0,lineal,0
0.499,0.514,viga,radial,0,0,0,1,0,0,piramidal,1
0.096,0.872,viga,radial,0,0,0,0,0,0,piramidal,1
0.891,0.131,losa,longitudinal,1,1,1,1,1,0,lineal,0
0.702,0.309,columna,longitudinal,1,1,1,1,1,0,lineal,0
0.088,0.921,zapata,inclinada,0,0,1,1,1,0,anillo,1
0.763,0.279,zapata,longitudinal,1,1,1,1,1,0,difusa,0
0.655,0.357,viga,vertical,1,0,0,1,1,1,lineal,0
0.631,0.352,columna,longitudinal,1,0,0,1,0,0,lineal,0
0.111,0.877,zapata,inclinada,0,0,0,1,1,0,anillo,1
0.492,0.513,viga,radial,0,1,1,0,1,0,anillo,1
0.732,0.273,losa,vertical,1,1,0,1,1,0,lineal,0
0.866,0.139,viga,longitudinal,1,1,1,1,0,0,lineal,0
0.176,0.785,columna,inclinada,1,0,1,1,0,0,poligonal,1
0.031,0.978,columna,radial,0,0,0,1,1,0,piramidal,1
0.798,0.182,zapata,longitudinal,1,0,0,1,1,1,lineal,0
0.898,0.102,viga,longitudinal,1,0,1,1,0,0,lineal,0
0.695,0.321,losa,longitudinal,1,1,1,1,0,1,lineal,0
0.303,0.686,zapata,inclinada,0,0,1,0,0,0,poligonal,1
0.695,0.277,viga,longitudinal,0,0,0,1,0,0,lineal,0
0.527,0.452,losa,vertical,1,1,0,0,1,0,lineal,0
0.735,0.264,viga,vertical,1,1,1,1,0,1,lineal,0
0.617,0.377,losa,longitudinal,1,1,1,1,1,0,lineal,0
0.189,0.81,columna,radial,0,1,0,1,0,0,poligonal,1
0.431,0.554,zapata,inclinada,0,0,0,1,1,0,anillo,1
0.582,0.407,losa,inclinada,0,0,1,1,1,1,poligonal,1
0.912,0.076,viga,longitudinal,1,1,0,0,1,1,lineal,0
0.718,0.278,zapata,longitudinal,1,0,1,0,0,0,lineal,0
0.882,0.11,viga,longitudinal,1,1,1,1,1,1,lineal,0
0.839,0.173,columna,vertical,1,0,1,1,0,0,lineal,0
0.938,0.04,columna,vertical,0,1,0,1,0,0,lineal,0
0.604,0.405,zapata,inclinada,0,1,0,1,0,0,anillo,1
0.147,0.835,zapata,inclinada,0,0,0,1,0,0,anillo,1
0.781,0.218,columna,vertical,1,0,1,1,0,0,difusa,0
0.244,0.777,zapata,inclinada,1,0,1,0,0,0,piramidal,1
0.673,0.34,zapata,longitudinal,1,0,1,1,0,1,lineal,0
0.329,0.664,columna,inclinada,0,0,0,1,1,0,anillo,1
0.928,0.081,columna,vertical,0,1,1,1,1,1,lineal,0
0.741,0.26,losa,longitudinal,1,0,1,0,1,1,lineal,0
0.755,0.212,zapata,longitudinal,1,0,0,1,0,1,lineal,0
0.484,0.551,zapata,vertical,1,0,0,1,1,0,difusa,0
0.782,0.258,columna,longitudinal,0,0,1,1,0,1,lineal,0
0.257,0.759,zapata,inclinada,0,1,1,0,0,0,anillo,1
0.19,0.832,columna,inclinada,0,0,0,0,0,0,poligonal,1
0.612,0.416,viga,longitudinal,0,1,1,1,0,0,difusa,0
0.671,0.299,losa,longitudinal,1,1,1,1,1,1,lineal,0
0.584,0.421,viga,radial,0,0,0,1,0,0,poligonal,1
0.86,0.143,zapata,longitudinal,0,1,1,0,0,0,difusa,0
0.292,0.696,columna,inclinada,0,0,0,1,0,0,anillo,1
0.28,0.719,losa,inclinada,0,0,1,0,0,0,anillo,1
0.165,0.819,zapata,inclinada,0,0,0,0,1,0,poligonal,1
0.407,0.602,viga,longitudinal,1,1,1,1,0,1,lineal,0
0.881,0.126,zapata,longitudinal,1,1,1,0,0,0,lineal,0
0.967,0.058,viga,vertical,1,0,1,1,0,0,lineal,0
0.649,0.337,zapata,longitudinal,1,0,1,1,0,0,lineal,0
0.307,0.717,viga,longitudinal,0,1,1,1,0,1,lineal,0
0.623,0.366,viga,longitudinal,1,0,0,1,0,0,lineal,0
0.213,0.787,losa,inclinada,0,0,1,1,0,0,anillo,1
0.735,0.286,columna,longitudinal,1,1,0,0,0,0,lineal,0
0.802,0.202,losa,longitudinal,1,1,1,1,0,1,lineal,0
0.464,0.521,viga,vertical,1,1,0,1,1,1,difusa,0
0.628,0.336,viga,vertical,1,1,1,1,1,0,difusa,0
0.859,0.164,viga,vertical,1,0,1,1,0,0,difusa,0
0.39,0.646,zapata,vertical,1,0,0,0,1,0,lineal,0
0.201,0.799,zapata,inclinada,0,0,1,0,1,0,anillo,1
0.795,0.223,zapata,longitudinal,1,1,0,1,0,0,lineal,0
0.869,0.129,columna,longitudinal,1,1,1,1,1,0,lineal,0
0.686,0.329,zapata,longitudinal,0,0,1,0,0,0,lineal,0
0.659,0.354,losa,longitudinal,1,0,0,1,0,0,lineal,0
0.511,0.504,viga,vertical,1,1,1,1,0,0,lineal,0
0.058,0.983,zapata,radial,0,0,1,0,1,0,piramidal,1
0.501,0.514,viga,inclinada,1,0,1,1,0,0,piramidal,1
0.383,0.587,columna,inclinada,0,1,1,0,0,0,piramidal,1
0.726,0.275,zapata,vertical,1,0,0,0,0,0,lineal,0
0.377,0.604,losa,radial,0,0,1,1,0,0,poligonal,1
0.745,0.205,viga,longitudinal,1,0,1,1,0,0,lineal,0
0.801,0.193,viga,vertical,0,0,1,0,1,0,lineal,0
0.084,0.93,columna,inclinada,1,0,1,0,0,0,piramidal,1
0.498,0.535,columna,inclinada,0,1,1,1,1,0,poligonal,1
0.723,0.291,columna,longitudinal,1,0,1,1,0,0,difusa,0
0.624,0.351,columna,radial,0,0,0,0,0,0,poligonal,1
0.358,0.651,zapata,radial,0,0,0,0,1,0,anillo,1
0.791,0.182,viga,longitudinal,1,1,1,0,0,0,lineal,0
0.729,0.244,zapata,vertical,0,1,1,1,0,0,lineal,0
0.907,0.081,viga,longitudinal,1,0,1,1,1,0,lineal,0
0.666,0.347,losa,longitudinal,1,0,1,1,0,0,lineal,0
0.33,0.657,losa,inclinada,0,0,0,0,1,0,anillo,1
0.114,0.882,viga,inclinada,0,0,0,0,0,0,poligonal,1
0.763,0.271,viga,vertical,1,0,1,1,0,0,difusa,0
0.432,0.568,columna,inclinada,0,0,0,1,0,0,poligonal,1
0.646,0.354,columna,vertical,1,1,1,0,0,0,lineal,0
0.708,0.286,columna,longitudinal,1,1,1,1,0,1,lineal,0
0.708,0.319,zapata,longitudinal,1,1,0,1,0,0,difusa,0
0.714,0.26,columna,longitudinal,1,1,1,1,0,0,difusa,0
0.654,0.355,losa,inclinada,0,0,0,0,0,0,piramidal,1
0.833,0.204,viga,longitudinal,0,1,1,1,0,0,lineal,0
0.101,0.897,zapata,inclinada,0,1,0,1,0,0,poligonal,1
0.35,0.654,columna,inclinada,0,0,0,1,1,0,anillo,1
0.111,0.902,losa,inclinada,0,1,0,1,1,0,poligonal,1
0.179,0.837,columna,inclinada,0,0,0,1,1,0,piramidal,1
0.35,0.646,viga,radial,1,0,1,0,0,0,anillo,1
0.039,0.962,viga,radial,0,0,0,0,0,0,poligonal,1
0.606,0.397,viga,longitudinal,0,0,1,1,1,1,lineal,0
0.206,0.836,columna,inclinada,0,0,1,1,1,0,poligonal,1
0.413,0.585,losa,longitudinal,1,1,1,1,0,1,difusa,0
0.112,0.925,zapata,inclinada,0,0,1,0,1,0,anillo,1
0.494,0.499,columna,inclinada,0,0,0,0,1,0,poligonal,1
0.324,0.677,losa,inclinada,0,0,1,0,1,0,anillo,1
0.599,0.423,zapata,longitudinal,1,0,1,1,0,0,difusa,0
0.768,0.228,zapata,longitudinal,0,1,0,1,1,0,lineal,0
0.122,0.882,columna,inclinada,0,0,0,1,1,0,anillo,1
0.624,0.4,zapata,longitudinal,0,0,1,1,0,1,lineal,0
0.832,0.211,losa,longitudinal,0,0,0,1,0,1,lineal,0
0.7,0.297,columna,radial,0,0,0,0,0,0,poligonal,1
0.136,0.875,viga,inclinada,0,0,1,0,1,0,poligonal,1
0.102,0.887,viga,inclinada,0,0,0,0,1,0,anillo,1
0.916,0.054,zapata,longitudinal,1,0,0,1,1,1,lineal,0
0.206,0.811,zapata,inclinada,0,0,1,0,1,0,piramidal,1
0.501,0.486,losa,longitudinal,1,1,1,0,1,1,lineal,0
0.931,0.092,zapata,longitudinal,1,1,1,1,1,0,lineal,0
0.098,0.885,zapata,inclinada,0,0,0,0,0,0,poligonal,1
0.11,0.909,viga,inclinada,0,0,0,1,0,0,anillo,1
0.674,0.337,zapata,longitudinal,0,1,0,0,0,1,lineal,0
0.342,0.683,columna,inclinada,0,0,0,1,0,0,piramidal,1
0.518,0.513,viga,vertical,1,0,1,1,1,1,lineal,0
0.955,0.04,losa,longitudinal,0,1,0,1,0,1,difusa,0
0.222,0.772,zapata,inclinada,0,0,1,1,0,0,anillo,1
0.405,0.674,columna,inclinada,0,0,1,0,1,0,piramidal,1
0.274,0.705,zapata,radial,0,1,1,0,0,0,anillo,1
0.488,0.503,columna,longitudinal,1,1,0,1,0,1,lineal,0
0.381,0.581,zapata,longitudinal,1,1,1,1,0,1,lineal,0
0.221,0.803,viga,inclinada,0,1,1,0,1,0,anillo,1
0.267,0.749,losa,inclinada,0,1,1,1,0,0,anillo,1
0.22,0.795,columna,inclinada,0,0,0,1,1,0,piramidal,1
0.665,0.367,losa,vertical,0,1,1,1,1,1,difusa,0
0.16,0.875,viga,inclinada,1,1,0,0,1,0,piramidal,1
0.269,0.724,columna,inclinada,0,1,1,1,1,0,piramidal,1
0.499,0.548,columna,longitudinal,0,1,1,0,1,1,lineal,0
0.498,0.502,columna,inclinada,0,0,1,0,0,0,anillo,1
0.358,0.663,columna,inclinada,1,1,0,0,0,0,poligonal,1
0.773,0.213,columna,longitudinal,1,0,1,1,0,0,lineal,0
0.802,0.201,viga,longitudinal,1,0,1,1,0,0,difusa,0
0.501,0.487,losa,inclinada,0,0,1,1,0,0,anillo,1
0.853,0.172,losa,vertical,0,0,0,0,0,1,difusa,0
0.269,0.741,columna,radial,0,0,0,0,0,0,anillo,1
0.71,0.302,columna,longitudinal,0,1,1,1,1,0,lineal,0
0.396,0.612,losa,inclinada,0,0,1,0,0,0,poligonal,1
0.766,0.235,zapata,longitudinal,1,0,1,0,1,1,lineal,0
0.525,0.461,columna,longitudinal,1,1,1,1,0,0,difusa,0
0.465,0.539,zapata,longitudinal,1,1,0,0,1,1,lineal,0
0.149,0.855,zapata,inclinada,0,0,0,0,1,0,piramidal,1
0.892,0.102,columna,longitudinal,0,1,1,0,0,1,lineal,0
0.206,0.815,losa,inclinada,0,0,1,0,0,0,anillo,1
0.591,0.395,zapata,radial,0,1,1,0,1,0,piramidal,1
0.348,0.652,viga,inclinada,1,0,0,0,0,0,anillo,1
0.557,0.431,losa,longitudinal,1,0,0,1,0,1,lineal,0
0.693,0.3,losa,longitudinal,1,1,1,1,1,0,lineal,0
0.419,0.57,zapata,inclinada,0,0,1,1,0,0,piramidal,1
0.539,0.42,zapata,longitudinal,1,0,0,1,0,0,lineal,0
0.533,0.457,columna,inclinada,0,1,0,0,0,0,piramidal,1
0.398,0.594,columna,inclinada,0,1,0,1,0,0,anillo,1
0.376,0.675,losa,longitudinal,0,0,1,1,1,1,lineal,0
0.425,0.617,zapata,inclinada,0,0,1,0,0,0,poligonal,1
0.309,0.71,columna,radial,1,1,1,0,0,0,poligonal,1
0.837,0.141,zapata,longitudinal,1,1,0,0,0,1,difusa,0
0.759,0.275,zapata,longitudinal,1,1,0,0,0,0,lineal,0
0.934,0.071,viga,longitudinal,1,1,1,1,1,1,lineal,0
0.875,0.129,viga,longitudinal,1,1,1,1,0,0,lineal,0
0.782,0.236,losa,vertical,1,1,1,1,1,0,lineal,0
0.239,0.722,zapata,radial,0,0,0,0,1,0,anillo,1
0.536,0.464,columna,vertical,0,0,1,0,1,0,lineal,0
0.176,0.832,viga,inclinada,0,0,1,0,1,0,piramidal,1
0.085,0.892,columna,inclinada,0,0,0,0,0,0,piramidal,1
0.147,0.863,zapata,inclinada,0,0,1,0,0,0,piramidal,1
0.362,0.645,zapata,longitudinal,1,1,1,1,1,0,difusa,0
0.47,0.526,viga,radial,1,0,1,0,0,0,anillo,1
0.803,0.205,zapata,vertical,0,0,1,1,1,1,difusa,0
0.305,0.687,losa,radial,0,0,0,1,0,0,poligonal,1
0.961,0.055,columna,longitudinal,1,1,1,1,0,1,lineal,0
0.283,0.713,viga,inclinada,0,0,1,0,0,0,anillo,1
0.543,0.467,columna,longitudinal,1,1,1,0,0,0,lineal,0
0.882,0.101,zapata,longitudinal,1,1,1,1,1,0,lineal,0
0.646,0.371,zapata,inclinada,1,0,0,0,0,0,poligonal,1
0.263,0.711,losa,radial,0,0,0,0,0,1,anillo,1
0.521,0.485,viga,vertical,1,1,1,0,0,0,difusa,0
0.0,0.98,viga,radial,0,0,1,0,1,0,poligonal,1
0.716,0.252,viga,longitudinal,1,0,1,1,0,0,lineal,0
0.708,0.293,columna,longitudinal,1,1,0,1,0,0,lineal,0
0.41,0.586,columna,longitudinal,1,0,1,1,1,0,lineal,0
0.108,0.894,losa,inclinada,0,0,0,0,0,0,poligonal,1
0.437,0.585,viga,inclinada,1,1,0,0,0,0,piramidal,1
0.799,0.203,columna,longitudinal,1,0,1,1,0,0,lineal,0
0.579,0.392,viga,inclinada,0,0,0,1,0,0,poligonal,1
0.269,0.708,losa,inclinada,0,0,0,0,0,0,poligonal,1
0.65,0.329,columna,radial,0,0,0,0,0,0,poligonal,1
0.273,0.688,viga,inclinada,0,0,0,0,0,0,anillo,1
0.057,0.919,viga,radial,0,0,1,1,0,0,piramidal,1
0.873,0.153,columna,longitudinal,1,0,0,1,0,0,lineal,0
0.307,0.696,viga,inclinada,0,1,1,1,0,1,anillo,1
0.648,0.366,losa,inclinada,0,1,1,0,1,0,anillo,1
0.132,0.833,columna,inclinada,0,1,1,0,1,0,poligonal,1
0.047,0.969,zapata,inclinada,0,1,0,0,0,0,poligonal,1
0.091,0.879,columna,inclinada,0,0,0,0,0,0,anillo,1
0.215,0.773,columna,inclinada,0,0,0,0,0,0,piramidal,1
0.902,0.081,columna,longitudinal,1,0,0,1,0,1,lineal,0
0.208,0.808,losa,inclinada,0,0,0,1,0,0,anillo,1
0.013,0.981,viga,inclinada,0,0,0,1,0,0,poligonal,1
0.449,0.526,viga,longitudinal,1,0,1,0,1,1,lineal,0
0.3,0.678,viga,inclinada,0,0,0,0,1,0,anillo,1
0.716,0.313,viga,longitudinal,1,0,1,1,0,0,difusa,0
0.184,0.79,losa,inclinada,0,0,0,0,1,0,poligonal,1
0.899,0.097,columna,longitudinal,1,1,1,0,0,1,lineal,0
0.104,0.871,viga,inclinada,0,0,1,1,0,0,piramidal,1
0.431,0.551,columna,inclinada,0,0,1,1,0,0,anillo,1
0.697,0.27,viga,inclinada,0,0,0,0,0,1,anillo,1
0.258,0.727,viga,inclinada,0,1,0,1,0,0,anillo,1
0.904,0.092,columna,vertical,1,0,0,1,0,1,lineal,0
0.698,0.315,columna,longitudinal,1,1,1,1,0,1,lineal,0
0.395,0.599,viga,inclinada,0,0,1,1,0,0,poligonal,1
0.68,0.293,losa,longitudinal,1,0,1,1,1,0,lineal,0
0.839,0.182,columna,longitudinal,1,1,1,1,0,1,lineal,0
0.05,0.895,zapata,inclinada,1,0,1,0,0,0,poligonal,1
0.346,0.65,viga,longitudinal,1,0,0,0,1,0,lineal,0
0.603,0.387,losa,vertical,1,1,1,1,1,0,lineal,0
0.497,0.501,zapata,inclinada,0,0,1,0,0,0,piramidal,1
0.514,0.498,losa,inclinada,0,0,1,1,1,0,anillo,1
0.553,0.422,viga,radial,0,0,0,0,1,1,poligonal,1
0.932,0.031,losa,longitudinal,0,1,0,1,1,1,lineal,0
0.43,0.571,losa,inclinada,0,0,0,0,1,0,piramidal,1
0.827,0.18,viga,vertical,1,0,1,1,1,1,lineal,0
0.476,0.533,zapata,inclinada,1,0,0,1,0,0,anillo,1
0.135,0.833,losa,inclinada,0,0,1,0,1,0,piramidal,1
0.435,0.526,columna,longitudinal,1,1,0,1,0,0,difusa,0
0.623,0.368,losa,vertical,0,0,1,1,0,1,lineal,0
0.55,0.45,columna,longitudinal,1,1,1,0,0,0,difusa,0
0.403,0.595,viga,inclinada,1,0,0,0,1,0,poligonal,1
0.791,0.231,viga,longitudinal,1,1,1,0,0,1,lineal,0
0.791,0.23,zapata,longitudinal,1,1,0,0,1,0,lineal,0
0.152,0.849,losa,inclinada,0,0,1,1,1,0,anillo,1
0.403,0.607,losa,inclinada,0,0,0,1,0,0,piramidal,1
0.677,0.352,losa,longitudinal,1,1,1,0,1,0,difusa,0
0.61,0.39,viga,vertical,1,0,1,1,0,0,lineal,0
0.15,0.872,losa,inclinada,1,0,1,0,1,0,poligonal,1
0.748,0.246,zapata,vertical,0,0,1,0,0,0,difusa,0
0.526,0.463,viga,vertical,1,1,1,1,0,1,difusa,0
0.7,0.317,columna,longitudinal,1,0,0,1,0,0,difusa,0
0.185,0.793,zapata,inclinada,0,0,0,1,0,0,anillo,1
0.299,0.702,zapata,inclinada,0,0,1,0,0,0,piramidal,1
0.722,0.273,viga,longitudinal,1,1,1,1,1,0,lineal,0
0.777,0.205,zapata,vertical,1,0,0,1,0,1,difusa,0
0.732,0.269,zapata,longitudinal,1,0,1,0,0,0,lineal,0
0.527,0.47,losa,inclinada,0,0,1,0,1,0,anillo,1
0.835,0.161,viga,vertical,1,1,1,1,0,0,lineal,0
0.298,0.693,viga,longitudinal,1,0,1,1,0,1,difusa,0
0.555,0.466,zapata,inclinada,0,0,1,0,0,0,anillo,1
0.417,0.591,columna,inclinada,0,0,1,0,0,0,piramidal,1
0.394,0.597,losa,inclinada,0,0,1,0,1,0,anillo,1
0.118,0.907,columna,inclinada,0,0,1,0,0,0,piramidal,1
0.876,0.133,viga,vertical,1,0,1,1,1,0,lineal,0
0.748,0.233,losa,longitudinal,1,0,0,1,0,1,lineal,0
0.245,0.784,losa,inclinada,0,0,0,0,1,0,piramidal,1
0.786,0.201,losa,longitudinal,0,0,1,1,0,0,lineal,0
0.907,0.124,viga,longitudinal,1,1,1,1,1,0,lineal,0
0.098,0.916,losa,inclinada,0,1,0,0,1,0,poligonal,1
0.19,0.75,viga,inclinada,0,0,0,1,0,0,poligonal,1
0.266,0.761,viga,radial,1,1,1,0,0,0,anillo,1
0.896,0.112,viga,longitudinal,1,0,0,1,0,1,lineal,0
0.952,0.047,losa,longitudinal,1,1,1,1,1,0,lineal,0
0.712,0.304,viga,longitudinal,0,0,1,1,1,1,lineal,0
0.383,0.634,viga,longitudinal,1,1,1,1,1,0,lineal,0
0.767,0.25,columna,vertical,0,1,1,1,1,0,difusa,0
0.878,0.131,viga,longitudinal,1,0,1,0,1,0,lineal,0
0.089,0.913,viga,inclinada,0,0,1,0,0,0,poligonal,1
0.501,0.532,columna,radial,0,0,1,1,0,0,anillo,1
0.356,0.614,columna,longitudinal,1,1,1,1,0,1,lineal,0
0.155,0.842,viga,inclinada,1,1,0,1,0,0,anillo,1
0.14,0.853,viga,inclinada,1,1,1,0,0,0,anillo,1
0.472,0.521,columna,radial,0,1,1,1,1,0,anillo,1
0.212,0.791,columna,radial,1,0,0,0,0,1,anillo,1
0.327,0.666,zapata,inclinada,0,0,0,0,1,0,poligonal,1
0.097,0.89,zapata,inclinada,0,0,0,0,0,0,piramidal,1
0.195,0.792,columna,inclinada,0,0,0,0,1,0,anillo,1
0.465,0.528,columna,longitudinal,1,0,0,0,0,0,difusa,0
0.481,0.538,viga,inclinada,1,1,0,1,1,0,piramidal,1
0.707,0.273,losa,longitudinal,1,0,1,1,0,0,difusa,0
0.434,0.555,losa,inclinada,0,0,0,1,0,0,poligonal,1
0.812,0.186,losa,longitudinal,1,1,0,1,0,0,lineal,0
0.281,0.761,viga,inclinada,0,1,0,1,0,0,poligonal,1
0.918,0.098,columna,longitudinal,1,1,0,0,0,0,lineal,0
0.45,0.52,columna,radial,0,0,1,0,1,0,anillo,1
0.201,0.809,zapata,radial,0,0,0,1,1,0,anillo,1
0.246,0.724,zapata,inclinada,1,0,0,0,0,0,piramidal,1
0.555,0.451,viga,inclinada,0,0,0,0,1,0,anillo,1
0.461,0.543,viga,inclinada,0,0,1,0,0,0,poligonal,1
0.827,0.209,viga,longitudinal,1,0,0,1,0,0,difusa,0
0.388,0.61,columna,inclinada,0,0,1,0,0,0,poligonal,1
0.162,0.845,zapata,radial,1,0,0,0,0,0,poligonal,1
0.665,0.361,columna,inclinada,0,0,0,0,1,0,poligonal,1
0.409,0.621,columna,radial,0,0,0,1,1,1,anillo,1
0.807,0.21,viga,longitudinal,1,1,1,0,1,1,difusa,0
0.798,0.221,losa,longitudinal,1,1,1,1,0,1,lineal,0
0.45,0.539,zapata,radial,0,0,1,1,0,0,piramidal,1
0.917,0.083,losa,longitudinal,0,1,1,0,0,0,lineal,0
0.703,0.287,viga,longitudinal,1,0,1,1,0,0,difusa,0
0.656,0.367,losa,longitudinal,1,1,0,0,0,0,lineal,0
0.312,0.65,losa,inclinada,1,0,1,0,0,0,poligonal,1
0.455,0.523,zapata,longitudinal,1,1,0,1,0,0,difusa,0
0.693,0.298,viga,longitudinal,1,1,1,1,1,0,difusa,0
0.273,0.733,zapata,inclinada,0,0,1,0,0,0,poligonal,1
0.277,0.734,losa,inclinada,0,0,0,0,0,0,poligonal,1
0.162,0.849,losa,inclinada,0,0,0,1,0,0,piramidal,1
0.146,0.863,viga,radial,0,0,0,0,0,0,piramidal,1
0.22,0.77,losa,inclinada,0,0,1,0,0,0,piramidal,1
0.804,0.197,columna,inclinada,0,0,1,1,0,0,piramidal,1
0.686,0.3,losa,longitudinal,1,0,1,1,1,0,difusa,0
0.853,0.168,viga,longitudinal,1,0,0,1,0,0,lineal,0
0.283,0.737,zapata,radial,0,0,0,0,0,0,anillo,1
0.532,0.482,losa,longitudinal,0,0,1,1,0,1,lineal,0
0.38,0.604,zapata,inclinada,0,0,0,0,1,1,piramidal,1
0.669,0.37,viga,longitudinal,0,0,1,1,0,1,lineal,0
0.162,0.846,columna,inclinada,0,0,1,1,1,0,anillo,1
0.803,0.186,zapata,longitudinal,1,0,1,1,0,1,lineal,0
0.28,0.736,columna,longitudinal,1,1,1,1,0,0,difusa,0
0.601,0.404,zapata,longitudinal,1,1,1,1,1,0,lineal,0
0.726,0.274,columna,vertical,1,1,1,0,0,0,difusa,0
0.898,0.12,columna,longitudinal,1,0,0,1,0,0,difusa,0
0.442,0.59,zapata,inclinada,0,1,1,0,0,0,anillo,1
0.532,0.462,zapata,longitudinal,1,1,1,1,1,1,difusa,0
0.34,0.648,losa,inclinada,1,0,1,0,0,0,piramidal,1
0.514,0.522,viga,longitudinal,1,0,1,1,1,0,difusa,0
0.548,0.482,viga,inclinada,1,0,1,1,0,0,anillo,1
0.745,0.257,zapata,vertical,1,1,0,0,1,0,difusa,0
0.396,0.633,viga,radial,0,0,1,0,1,0,anillo,1
0.716,0.278,losa,vertical,1,1,1,1,0,1,lineal,0
0.135,0.873,viga,inclinada,0,1,1,0,0,0,poligonal,1
0.287,0.693,losa,inclinada,0,0,0,1,0,0,anillo,1
0.222,0.777,zapata,inclinada,0,1,0,0,0,0,piramidal,1
0.755,0.237,losa,longitudinal,1,1,1,1,1,1,lineal,0
0.275,0.689,columna,inclinada,0,0,1,1,1,0,piramidal,1
0.756,0.234,losa,longitudinal,1,1,0,0,0,0,lineal,0
0.131,0.872,losa,radial,0,0,1,1,0,0,poligonal,1
0.725,0.294,zapata,longitudinal,1,1,1,1,1,0,lineal,0
0.708,0.272,zapata,longitudinal,1,0,1,1,1,1,lineal,0
0.749,0.257,viga,longitudinal,1,1,1,1,1,0,lineal,0
0.714,0.286,columna,vertical,1,0,1,1,0,1,lineal,0
0.575,0.423,zapata,vertical,1,1,0,1,1,0,lineal,0
0.461,0.549,viga,longitudinal,1,1,1,1,0,1,difusa,0
0.871,0.128,zapata,longitudinal,1,0,1,0,0,0,lineal,0
0.842,0.191,losa,vertical,0,0,0,0,1,0,difusa,0
0.808,0.16,columna,longitudinal,0,0,1,1,0,0,difusa,0
0.204,0.786,columna,inclinada,0,0,0,0,1,0,anillo,1
0.533,0.452,zapata,longitudinal,1,0,1,1,0,0,difusa,0
0.621,0.378,zapata,longitudinal,1,0,0,1,0,0,lineal,0
0.254,0.724,columna,longitudinal,1,0,1,1,1,1,difusa,0
0.727,0.302,columna,longitudinal,1,0,1,1,1,0,lineal,0
0.145,0.864,columna,radial,0,0,1,0,0,0,poligonal,1
0.377,0.639,losa,radial,0,0,1,0,0,1,poligonal,1
0.02,0.975,columna,inclinada,0,0,1,1,0,0,piramidal,1
0.827,0.181,columna,vertical,1,0,1,1,1,1,difusa,0
0.392,0.634,columna,radial,0,0,1,1,1,0,anillo,1
0.374,0.63,zapata,inclinada,0,0,0,0,1,0,piramidal,1
0.219,0.783,zapata,inclinada,0,0,0,1,0,0,poligonal,1
0.811,0.147,viga,longitudinal,1,0,1,0,0,0,lineal,0
0.376,0.587,zapata,inclinada,0,0,1,0,1,0,piramidal,1
0.272,0.717,columna,inclinada,0,0,1,1,1,0,piramidal,1
0.529,0.489,columna,longitudinal,1,1,1,1,1,0,difusa,0
0.499,0.479,viga,vertical,1,0,0,0,1,0,difusa,0
0.25,0.754,columna,longitudinal,1,1,1,0,1,1,difusa,0
0.437,0.566,losa,inclinada,1,0,1,1,1,0,anillo,1
0.873,0.113,zapata,vertical,1,0,0,1,0,0,difusa,0
0.529,0.449,viga,radial,0,0,0,1,0,0,piramidal,1
0.957,0.069,viga,longitudinal,1,1,0,0,0,0,lineal,0
0.567,0.423,viga,inclinada,0,0,1,0,0,0,anillo,1
0.365,0.637,zapata,inclinada,0,0,1,0,1,0,anillo,1
0.657,0.329,losa,longitudinal,1,0,0,1,1,0,difusa,0
0.392,0.628,columna,inclinada,0,1,1,0,0,0,poligonal,1
0.365,0.634,columna,inclinada,0,0,0,0,1,0,poligonal,1
0.292,0.718,viga,inclinada,0,0,0,0,1,0,poligonal,1
0.725,0.288,columna,longitudinal,1,0,0,1,0,0,lineal,0
0.201,0.808,zapata,inclinada,1,1,1,1,0,0,poligonal,1
0.814,0.181,viga,longitudinal,1,1,1,1,1,0,difusa,0
0.252,0.741,viga,inclinada,0,0,1,0,0,0,poligonal,1
0.404,0.595,viga,inclinada,0,0,0,0,0,1,anillo,1
0.562,0.423,viga,longitudinal,1,1,0,1,0,0,difusa,0
0.578,0.414,viga,inclinada,0,0,1,0,0,0,anillo,1
0.416,0.592,columna,vertical,1,1,0,1,1,1,lineal,0
0.721,0.288,zapata,longitudinal,1,0,1,0,0,1,lineal,0
0.126,0.848,columna,inclinada,0,0,0,0,0,0,poligonal,1
0.911,0.084,zapata,longitudinal,1,1,1,1,1,1,lineal,0
0.417,0.582,zapata,longitudinal,1,1,1,1,1,1,lineal,0
0.088,0.854,columna,inclinada,1,0,1,1,0,0,piramidal,1
0.88,0.125,viga,longitudinal,1,1,1,0,0,0,lineal,0
0.678,0.318,viga,longitudinal,0,1,1,1,1,1,lineal,0
0.431,0.615,zapata,inclinada,0,0,0,0,1,0,poligonal,1
0.822,0.163,columna,vertical,1,0,1,0,0,1,lineal,0
0.31,0.675,zapata,inclinada,0,0,1,1,1,0,anillo,1
0.831,0.166,viga,longitudinal,1,1,1,1,1,1,difusa,0
0.781,0.201,viga,longitudinal,1,1,1,1,1,1,lineal,0
0.735,0.26,losa,longitudinal,1,0,1,0,1,0,difusa,0
0.816,0.184,zapata,longitudinal,1,1,1,1,1,1,lineal,0
0.306,0.722,losa,inclinada,0,0,0,0,1,0,poligonal,1
0.225,0.752,losa,inclinada,0,0,0,0,1,0,piramidal,1
0.916,0.081,columna,longitudinal,1,1,1,0,1,0,lineal,0
0.945,0.095,viga,longitudinal,1,1,1,1,1,0,difusa,0
0.339,0.643,losa,radial,1,0,1,0,0,0,poligonal,1
0.779,0.224,viga,vertical,1,0,0,0,0,1,lineal,0
0.762,0.228,viga,vertical,1,0,0,0,0,1,lineal,0
0.459,0.519,losa,radial,1,0,0,0,0,0,anillo,1
0.642,0.335,losa,longitudinal,1,1,1,1,0,1,lineal,0
0.247,0.727,losa,inclinada,0,0,1,0,0,0,poligonal,1
0.987,0.013,viga,longitudinal,1,1,1,1,1,1,lineal,0
0.774,0.202,losa,longitudinal,1,1,1,1,0,0,difusa,0
0.748,0.249,zapata,longitudinal,1,0,0,1,1,0,lineal,0
0.298,0.7,columna,longitudinal,1,1,1,1,0,0,lineal,0
0.228,0.799,viga,inclinada,1,0,1,0,1,0,poligonal,1
0.297,0.66,columna,radial,0,0,1,0,1,0,piramidal,1
0.886,0.09,viga,longitudinal,1,1,1,0,1,0,difusa,0
0.754,0.246,zapata,longitudinal,1,1,0,1,0,1,lineal,0
0.056,0.9,viga,inclinada,0,1,0,1,0,0,piramidal,1
0.203,0.765,zapata,inclinada,0,0,0,0,1,0,poligonal,1
0.011,0.979,zapata,inclinada,0,0,1,0,0,0,poligonal,1
0.662,0.32,zapata,longitudinal,0,0,1,1,0,0,difusa,0
0.363,0.624,losa,longitudinal,1,0,1,1,1,0,difusa,0
0.892,0.12,zapata,vertical,1,1,1,1,0,0,lineal,0
0.562,0.45,zapata,vertical,1,1,1,1,1,0,difusa,0
0.611,0.413,zapata,longitudinal,0,1,0,1,1,0,lineal,0
0.741,0.243,viga,vertical,1,1,1,0,0,1,difusa,0
0.635,0.374,columna,longitudinal,1,0,1,1,0,1,lineal,0
0.846,0.153,zapata,vertical,1,1,1,1,0,1,difusa,0
0.441,0.553,zapata,longitudinal,1,0,1,1,1,1,difusa,0
0.171,0.816,columna,radial,0,0,1,0,0,0,piramidal,1
0.747,0.251,viga,longitudinal,1,0,1,1,0,0,lineal,0
0.914,0.118,columna,vertical,1,1,1,1,0,1,lineal,0
0.406,0.573,viga,radial,0,1,1,0,0,0,piramidal,1
0.48,0.557,columna,inclinada,0,0,0,1,1,0,anillo,1
0.116,0.858,columna,inclinada,0,0,1,0,0,0,piramidal,1
0.362,0.65,viga,inclinada,1,0,0,0,1,0,anillo,1
0.419,0.572,columna,inclinada,1,0,1,0,1,0,anillo,1
0.119,0.881,viga,inclinada,1,0,0,1,0,0,piramidal,1
0.204,0.818,viga,radial,0,1,0,0,1,0,piramidal,1
0.092,0.901,viga,inclinada,1,1,0,0,1,0,anillo,1
0.959,0.017,losa,longitudinal,1,1,0,1,0,1,difusa,0
0.245,0.776,zapata,inclinada,0,0,1,0,0,0,piramidal,1
0.167,0.829,losa,radial,0,0,1,0,1,0,anillo,1
0.767,0.244,columna,vertical,1,1,1,1,1,0,lineal,0
0.202,0.803,zapata,inclinada,0,0,1,0,1,0,poligonal,1
0.199,0.802,viga,inclinada,0,1,0,0,0,0,anillo,1
0.845,0.195,losa,vertical,1,1,1,1,0,0,lineal,0
0.877,0.151,zapata,longitudinal,1,0,1,0,0,0,lineal,0
0.254,0.769,losa,radial,0,0,0,0,0,0,piramidal,1
0.264,0.756,columna,inclinada,0,1,1,0,0,0,anillo,1
0.677,0.333,viga,vertical,1,1,1,0,0,0,lineal,0
0.733,0.275,viga,longitudinal,0,0,1,1,0,1,difusa,0
0.695,0.349,viga,longitudinal,0,1,0,1,0,0,lineal,0
0.425,0.569,viga,vertical,1,1,1,1,0,0,lineal,0
0.826,0.184,columna,longitudinal,1,1,0,1,0,1,lineal,0
0.243,0.795,zapata,inclinada,0,0,0,0,1,0,piramidal,1
0.336,0.625,zapata,vertical,1,1,0,1,0,0,difusa,0
0.245,0.731,viga,inclinada,0,1,0,1,0,0,poligonal,1
0.742,0.244,viga,vertical,1,1,1,1,0,1,lineal,0
0.047,0.936,losa,inclinada,0,0,1,0,0,0,anillo,1
0.11,0.852,viga,inclinada,0,1,0,0,1,0,poligonal,1
0.204,0.813,columna,inclinada,0,0,1,0,0,0,poligonal,1
0.074,0.929,viga,inclinada,1,0,1,0,0,0,piramidal,1
0.131,0.887,columna,inclinada,0,0,0,0,1,0,poligonal,1
0.617,0.378,zapata,longitudinal,1,0,1,1,0,1,difusa,0
0.045,0.977,viga,inclinada,0,0,1,1,1,0,piramidal,1
0.502,0.511,columna,longitudinal,1,1,1,1,1,0,lineal,0
0.87,0.13,viga,longitudinal,0,1,1,1,0,1,lineal,0
0.964,0.031,viga,longitudinal,0,0,1,0,0,0,lineal,0
0.728,0.25,losa,longitudinal,1,1,1,1,1,0,difusa,0
0.673,0.351,columna,longitudinal,1,1,1,1,0,0,difusa,0
0.614,0.358,losa,inclinada,0,1,1,0,0,0,anillo,1
0.655,0.351,zapata,longitudinal,1,0,1,0,0,1,lineal,0
0.715,0.297,columna,longitudinal,0,1,1,0,0,0,difusa,0
0.786,0.229,losa,longitudinal,1,1,1,1,0,1,difusa,0
0.349,0.655,columna,vertical,1,1,1,1,0,0,lineal,0
0.59,0.448,losa,vertical,0,1,1,0,1,0,lineal,0
0.8,0.217,losa,longitudinal,1,0,1,1,0,1,lineal,0
0.17,0.827,columna,inclinada,0,1,1,0,0,0,anillo,1
0.614,0.397,columna,longitudinal,1,1,1,1,1,0,lineal,0
0.353,0.648,columna,longitudinal,1,1,1,1,1,1,lineal,0
0.065,0.941,columna,inclinada,0,0,1,0,1,0,piramidal,1
0.752,0.247,losa,longitudinal,1,0,0,1,0,0,lineal,0
0.632,0.375,viga,longitudinal,1,0,1,0,1,1,lineal,0
0.677,0.317,losa,vertical,1,1,1,1,1,0,difusa,0
0.781,0.263,columna,longitudinal,1,0,1,0,0,1,lineal,0
0.495,0.457,columna,longitudinal,0,1,1,1,1,0,difusa,0
0.106,0.91,columna,inclinada,1,0,1,0,0,1,piramidal,1
0.411,0.575,viga,radial,0,0,0,1,0,0,anillo,1
0.322,0.693,zapata,radial,0,0,0,0,1,0,piramidal,1
0.477,0.509,columna,radial,0,1,1,0,1,0,poligonal,1
0.252,0.737,viga,inclinada,0,0,1,1,0,0,poligonal,1
0.518,0.478,viga,longitudinal,1,0,1,1,1,0,lineal,0
0.508,0.487,columna,longitudinal,1,1,0,0,0,0,lineal,0
0.323,0.678,columna,radial,1,0,0,0,0,1,piramidal,1
0.245,0.751,viga,radial,0,0,1,1,0,0,poligonal,1
0.799,0.195,losa,vertical,1,1,1,0,0,0,lineal,0
0.858,0.145,losa,longitudinal,1,0,1,1,0,0,difusa,0
0.469,0.531,viga,vertical,1,1,1,0,1,0,difusa,0
0.861,0.124,losa,longitudinal,1,1,1,1,0,1,lineal,0
0.548,0.442,columna,vertical,1,1,0,1,1,0,lineal,0
0.933,0.063,columna,longitudinal,1,1,1,0,0,1,difusa,0
0.226,0.801,zapata,inclinada,0,1,0,0,0,0,piramidal,1
0.724,0.292,columna,vertical,1,1,1,1,1,1,lineal,0
0.04,0.95,zapata,inclinada,0,0,0,1,0,1,poligonal,1
0.323,0.663,columna,inclinada,0,0,1,0,0,0,poligonal,1
0.39,0.618,columna,radial,1,0,1,1,0,0,poligonal,1
0.974,0.059,viga,longitudinal,1,0,1,1,0,0,lineal,0
0.513,0.449,losa,longitudinal,1,0,1,1,1,1,lineal,0
0.089,0.865,viga,inclinada,0,0,1,0,0,0,poligonal,1
0.843,0.145,viga,longitudinal,1,1,1,0,1,1,difusa,0
0.86,0.14,viga,longitudinal,1,0,0,1,0,1,difusa,0
0.157,0.827,columna,inclinada,0,1,0,0,0,0,anillo,1
0.787,0.228,zapata,longitudinal,1,1,1,1,1,0,difusa,0
0.278,0.72,losa,longitudinal,1,0,1,0,0,0,lineal,0
0.54,0.511,zapata,vertical,1,1,1,1,0,0,lineal,0
0.277,0.716,viga,inclinada,0,0,1,1,1,0,poligonal,1
0.649,0.355,viga,longitudinal,1,0,1,1,1,0,lineal,0
0.605,0.362,losa,longitudinal,1,1,1,1,1,0,lineal,0
0.23,0.737,columna,inclinada,0,1,0,0,1,0,anillo,1
0.718,0.314,columna,longitudinal,1,1,1,1,0,0,lineal,0
0.111,0.864,zapata,inclinada,0,0,1,0,0,0,poligonal,1
0.882,0.086,losa,longitudinal,1,1,0,1,1,1,difusa,0
0.776,0.222,losa,longitudinal,0,1,0,0,1,1,difusa,0
0.437,0.54,zapata,radial,0,0,0,1,0,0,anillo,1
0.577,0.478,losa,longitudinal,1,1,0,1,0,0,lineal,0
0.154,0.833,zapata,inclinada,0,0,1,1,0,0,piramidal,1
0.711,0.291,losa,longitudinal,1,1,1,0,1,0,difusa,0
0.402,0.598,losa,radial,0,0,1,0,1,0,poligonal,1
0.36,0.641,viga,longitudinal,0,1,1,1,1,0,lineal,0
0.866,0.155,losa,longitudinal,1,0,1,1,0,0,lineal,0
0.298,0.693,losa,radial,0,0,1,0,0,0,piramidal,1
0.901,0.085,losa,vertical,1,1,0,1,1,0,lineal,0
0.691,0.296,columna,longitudinal,0,0,1,0,0,0,lineal,0
0.344,0.668,losa,inclinada,1,0,1,0,1,0,anillo,1
0.311,0.68,zapata,inclinada,0,1,1,1,1,0,piramidal,1
0.557,0.476,losa,longitudinal,1,1,1,1,0,0,lineal,0
0.067,0.926,zapata,inclinada,0,1,1,0,0,0,piramidal,1
0.663,0.345,losa,longitudinal,1,0,1,1,0,0,lineal,0
0.753,0.231,losa,longitudinal,1,0,1,1,0,0,difusa,0
0.161,0.859,zapata,radial,0,0,0,0,0,0,piramidal,1
0.864,0.14,viga,longitudinal,1,1,1,0,1,1,difusa,0
0.416,0.557,columna,longitudinal,1,0,1,1,1,1,lineal,0
0.271,0.711,viga,inclinada,0,0,1,0,1,0,poligonal,1
0.479,0.505,columna,radial,0,0,1,0,0,0,anillo,1
0.47,0.541,losa,longitudinal,1,1,1,1,1,0,difusa,0
0.039,0.949,viga,inclinada,0,0,1,0,0,0,poligonal,1
0.102,0.887,columna,radial,0,1,0,0,1,1,poligonal,1
0.365,0.619,columna,radial,0,0,1,0,1,0,poligonal,1
0.158,0.864,losa,inclinada,0,0,1,1,0,0,anillo,1
0.894,0.137,columna,vertical,1,1,0,1,0,0,lineal,0
0.241,0.764,losa,inclinada,0,1,1,1,1,0,piramidal,1
0.243,0.773,zapata,inclinada,0,0,0,1,0,0,piramidal,1
0.363,0.669,columna,inclinada,0,0,1,1,0,0,piramidal,1
0.185,0.809,losa,inclinada,0,1,1,1,1,0,piramidal,1
0.468,0.531,zapata,longitudinal,1,1,0,0,0,0,difusa,0
0.757,0.239,zapata,longitudinal,1,0,1,1,0,0,difusa,0
0.24,0.748,columna,radial,0,0,1,1,0,0,anillo,1
0.582,0.448,viga,longitudinal,1,1,1,1,0,0,difusa,0
0.561,0.45,zapata,inclinada,0,0,1,1,0,0,piramidal,1
0.875,0.116,zapata,longitudinal,1,1,1,1,1,0,difusa,0
0.816,0.193,zapata,longitudinal,1,1,1,0,0,0,lineal,0
0.906,0.078,columna,longitudinal,1,1,0,1,1,0,lineal,0
0.907,0.154,viga,longitudinal,1,1,0,0,0,0,lineal,0
0.049,0.939,viga,inclinada,0,0,1,0,1,0,anillo,1
0.872,0.135,viga,longitudinal,1,0,1,1,0,1,lineal,0
0.714,0.265,zapata,longitudinal,1,0,1,0,0,0,lineal,0
0.407,0.625,viga,inclinada,0,0,1,0,0,0,piramidal,1
0.716,0.303,viga,longitudinal,1,1,1,0,1,0,lineal,0
0.473,0.523,losa,inclinada,0,1,0,1,0,0,poligonal,1
0.652,0.37,viga,longitudinal,1,0,1,1,1,0,lineal,0
0.343,0.666,zapata,inclinada,0,1,1,1,0,0,anillo,1
0.648,0.364,viga,longitudinal,0,1,1,1,0,1,lineal,0
0.082,0.95,zapata,inclinada,0,0,1,0,1,0,poligonal,1
0.573,0.406,losa,longitudinal,0,1,1,1,0,0,lineal,0
0.641,0.347,zapata,longitudinal,0,0,1,0,0,0,difusa,0
0.796,0.199,columna,longitudinal,1,1,0,1,0,1,difusa,0
0.8,0.193,viga,longitudinal,1,0,1,0,1,1,difusa,0
0.397,0.591,columna,inclinada,0,0,1,1,0,0,piramidal,1
0.751,0.224,zapata,longitudinal,1,1,1,0,0,0,lineal,0
0.165,0.844,zapata,inclinada,0,0,1,0,1,0,anillo,1
0.054,0.935,viga,inclinada,0,0,0,0,0,0,piramidal,1
0.665,0.339,columna,vertical,0,1,1,1,0,0,difusa,0
0.951,0.039,viga,longitudinal,1,1,1,1,1,0,difusa,0
0.561,0.425,viga,longitudinal,1,0,1,1,0,0,lineal,0
0.131,0.892,zapata,inclinada,1,0,1,0,0,0,anillo,1
0.764,0.251,losa,longitudinal,1,1,1,1,0,1,lineal,0
0.671,0.298,columna,vertical,1,1,1,1,0,0,difusa,0
0.347,0.627,losa,radial,0,0,0,1,0,0,anillo,1
0.875,0.119,viga,longitudinal,1,1,1,1,0,0,difusa,0
0.679,0.299,columna,inclinada,0,0,0,0,0,0,poligonal,1
0.11,0.887,viga,inclinada,0,0,0,0,0,0,poligonal,1
0.895,0.099,losa,longitudinal,1,1,1,1,0,0,lineal,0
0.441,0.58,zapata,longitudinal,0,1,0,1,1,0,lineal,0
0.796,0.23,zapata,longitudinal,1,1,0,1,0,0,difusa,0
0.85,0.193,viga,longitudinal,0,0,1,0,1,0,lineal,0
0.396,0.612,losa,inclinada,0,0,1,1,0,0,piramidal,1
0.74,0.276,columna,longitudinal,1,0,1,1,1,1,difusa,0
0.581,0.46,columna,inclinada,0,0,1,1,1,0,anillo,1
0.551,0.469,columna,longitudinal,1,1,1,1,0,0,difusa,0
0.221,0.744,zapata,inclinada,0,0,1,1,0,0,poligonal,1
0.09,0.893,columna,inclinada,0,1,1,0,0,0,poligonal,1
0.488,0.478,viga,longitudinal,1,1,1,0,1,1,lineal,0
0.893,0.107,zapata,longitudinal,0,1,1,1,0,0,lineal,0
0.276,0.744,zapata,inclinada,0,0,1,1,0,0,poligonal,1
0.818,0.203,viga,longitudinal,1,1,1,1,1,0,difusa,0
0.732,0.237,columna,longitudinal,1,1,0,0,0,1,difusa,0
0.821,0.159,viga,longitudinal,1,0,1,1,0,0,lineal,0
0.784,0.183,losa,longitudinal,1,1,0,1,1,0,lineal,0
0.264,0.717,losa,inclinada,0,1,1,0,0,1,piramidal,1
0.458,0.516,viga,longitudinal,1,1,1,1,0,0,difusa,0
0.41,0.596,losa,inclinada,0,0,1,1,0,0,piramidal,1
0.783,0.226,columna,longitudinal,1,0,1,1,0,0,lineal,0
0.509,0.518,viga,vertical,1,0,1,1,1,1,lineal,0
0.507,0.474,zapata,inclinada,0,0,1,0,1,0,anillo,1
0.569,0.466,viga,radial,0,0,1,0,0,0,anillo,1
0.664,0.285,zapata,longitudinal,1,1,1,1,0,0,lineal,0
0.753,0.251,zapata,longitudinal,1,0,0,1,0,0,lineal,0
0.181,0.813,columna,inclinada,0,0,1,0,0,0,piramidal,1
0.594,0.403,columna,vertical,1,0,1,1,0,0,lineal,0
0.907,0.062,losa,longitudinal,0,1,0,1,0,0,lineal,0
0.642,0.358,columna,vertical,1,1,1,0,0,1,difusa,0
0.214,0.808,losa,radial,0,0,1,0,0,0,poligonal,1
0.57,0.412,losa,vertical,1,1,1,1,1,0,lineal,0
0.313,0.68,viga,inclinada,0,0,1,1,1,0,poligonal,1
0.268,0.742,zapata,radial,1,1,0,0,1,0,poligonal,1
0.468,0.536,columna,inclinada,0,0,1,1,0,0,anillo,1
0.617,0.373,losa,longitudinal,1,0,0,1,0,0,lineal,0
0.809,0.206,losa,longitudinal,1,1,1,1,0,0,lineal,0
0.845,0.189,columna,vertical,1,0,1,1,0,1,difusa,0
0.16,0.833,columna,radial,1,1,0,0,1,0,anillo,1
0.816,0.203,viga,longitudinal,1,1,0,0,1,0,lineal,0
0.042,0.901,viga,radial,0,0,0,0,0,0,anillo,1
0.387,0.626,viga,inclinada,1,1,0,1,0,0,anillo,1
0.255,0.72,zapata,radial,0,0,0,1,0,0,piramidal,1
0.883,0.105,viga,longitudinal,1,1,1,1,1,0,difusa,0
0.859,0.161,losa,vertical,1,1,0,1,1,0,lineal,0
0.397,0.599,columna,longitudinal,1,1,1,0,0,1,difusa,0
0.091,0.915,columna,inclinada,0,0,1,0,0,0,piramidal,1
0.362,0.591,losa,inclinada,0,0,1,0,0,0,poligonal,1
0.31,0.721,columna,inclinada,0,0,0,1,1,0,poligonal,1
0.49,0.531,columna,inclinada,0,0,0,1,0,0,anillo,1
0.899,0.125,losa,vertical,1,1,0,1,1,1,lineal,0
0.066,0.931,zapata,inclinada,0,1,1,1,0,1,anillo,1
0.111,0.865,zapata,radial,0,0,1,0,0,0,piramidal,1
0.776,0.248,viga,longitudinal,1,0,1,1,0,1,lineal,0
0.458,0.524,viga,longitudinal,1,0,0,1,1,0,lineal,0
0.513,0.474,columna,longitudinal,1,0,1,0,1,0,lineal,0
0.612,0.376,columna,inclinada,0,0,1,1,1,0,piramidal,1
0.22,0.761,viga,inclinada,0,0,1,0,0,0,piramidal,1
0.74,0.265,columna,longitudinal,1,1,0,1,0,0,lineal,0
0.895,0.061,columna,longitudinal,1,1,1,1,1,1,lineal,0
0.379,0.66,viga,inclinada,0,0,0,0,0,0,anillo,1
0.748,0.242,losa,longitudinal,1,1,1,1,1,0,lineal,0
0.74,0.278,zapata,vertical,1,0,1,1,0,0,difusa,0
0.418,0.593,losa,inclinada,0,1,1,0,0,0,anillo,1
0.069,0.906,losa,inclinada,0,0,1,0,0,0,poligonal,1
0.603,0.398,losa,longitudinal,0,1,1,1,1,0,lineal,0
0.601,0.397,zapata,longitudinal,1,1,1,1,0,1,lineal,0
0.936,0.024,losa,longitudinal,1,0,0,1,1,1,difusa,0
0.482,0.526,columna,inclinada,1,0,0,0,1,0,anillo,1
0.84,0.163,losa,vertical,1,0,1,0,1,0,lineal,0
0.166,0.823,zapata,inclinada,0,0,0,1,0,0,poligonal,1
0.914,0.072,zapata,longitudinal,1,0,0,0,0,1,lineal,0
0.113,0.857,losa,inclinada,0,0,1,0,0,0,poligonal,1
0.523,0.479,losa,radial,1,0,1,1,0,0,piramidal,1
0.045,0.957,viga,inclinada,0,0,0,0,0,0,piramidal,1
0.451,0.528,columna,inclinada,0,0,0,0,0,0,piramidal,1
0.184,0.842,zapata,radial,0,0,1,0,0,0,poligonal,1
0.491,0.503,viga,longitudinal,1,0,0,1,1,0,lineal,0
0.37,0.653,zapata,inclinada,0,0,1,0,1,0,anillo,1
0.176,0.812,columna,inclinada,0,0,0,1,0,0,poligonal,1
0.875,0.12,zapata,longitudinal,1,1,1,1,0,1,lineal,0
0.649,0.34,losa,longitudinal,1,1,0,0,1,1,lineal,0
0.124,0.895,zapata,inclinada,0,0,0,0,0,0,anillo,1
0.236,0.757,columna,inclinada,0,0,0,0,0,0,poligonal,1
0.408,0.568,viga,inclinada,1,0,0,0,0,0,poligonal,1
0.837,0.145,viga,longitudinal,1,0,1,1,1,1,difusa,0
0.468,0.546,losa,vertical,1,0,0,1,1,0,difusa,0
0.652,0.319,viga,longitudinal,1,0,0,0,1,1,lineal,0
0.199,0.786,columna,inclinada,0,0,0,0,0,0,anillo,1
0.52,0.465,zapata,radial,0,0,1,1,0,0,anillo,1
0.684,0.333,columna,vertical,1,1,1,1,0,1,lineal,0
0.033,0.957,columna,inclinada,0,0,0,1,0,0,poligonal,1
0.487,0.496,zapata,inclinada,0,0,0,0,0,0,anillo,1
0.821,0.161,zapata,longitudinal,1,0,0,1,0,0,difusa,0
0.817,0.161,columna,longitudinal,1,0,0,0,0,1,lineal,0
0.201,0.806,zapata,inclinada,0,0,1,0,0,0,anillo,1
0.074,0.944,viga,inclinada,0,0,1,0,0,0,poligonal,1
0.787,0.181,columna,longitudinal,0,1,1,1,0,0,difusa,0
0.157,0.833,columna,inclinada,0,0,0,1,0,0,piramidal,1
0.659,0.353,zapata,longitudinal,1,0,0,1,0,1,lineal,0
0.288,0.735,zapata,inclinada,0,0,0,0,1,0,poligonal,1
0.025,0.955,viga,inclinada,0,0,0,1,1,0,piramidal,1
0.0,0.948,zapata,radial,0,0,1,1,1,0,poligonal,1
0.605,0.413,columna,longitudinal,1,1,1,1,0,0,difusa,0
0.86,0.136,viga,longitudinal,0,1,0,1,0,1,lineal,0
0.171,0.845,columna,inclinada,0,0,1,1,0,0,poligonal,1
0.317,0.682,losa,longitudinal,1,0,1,1,0,0,lineal,0
0.891,0.113,losa,longitudinal,1,1,1,0,0,1,difusa,0
0.664,0.376,viga,longitudinal,1,1,1,1,0,0,lineal,0
0.793,0.167,losa,longitudinal,1,1,1,0,0,1,difusa,0
0.797,0.172,viga,longitudinal,0,0,1,1,1,0,difusa,0
0.923,0.082,viga,vertical,1,1,1,1,1,0,lineal,0
0.21,0.791,losa,radial,0,0,1,1,0,0,poligonal,1
0.624,0.317,columna,longitudinal,1,0,1,1,1,0,lineal,0
0.262,0.756,losa,inclinada,0,0,1,0,0,0,anillo,1
0.391,0.603,columna,vertical,1,0,0,1,0,1,difusa,0
0.228,0.762,losa,inclinada,0,0,1,0,1,0,poligonal,1
0.267,0.734,columna,inclinada,1,1,0,1,0,0,piramidal,1
0.37,0.641,losa,inclinada,0,0,1,1,0,0,piramidal,1
0.244,0.736,columna,radial,0,0,0,0,0,0,poligonal,1
0.077,0.919,losa,radial,0,0,0,0,1,0,piramidal,1
0.5,0.492,zapata,inclinada,0,0,0,0,0,0,anillo,1
0.4,0.583,zapata,inclinada,1,0,0,1,1,0,piramidal,1
0.925,0.083,columna,longitudinal,1,1,1,1,0,0,difusa,0
0.755,0.261,zapata,longitudinal,1,0,1,1,0,0,lineal,0
0.448,0.534,viga,longitudinal,0,1,1,1,0,1,difusa,0
0.385,0.596,zapata,inclinada,0,0,0,0,0,0,poligonal,1
0.349,0.64,viga,vertical,1,0,1,1,0,1,lineal,0
0.246,0.744,viga,inclinada,0,0,1,0,0,0,poligonal,1
0.194,0.83,losa,inclinada,0,0,1,1,0,0,piramidal,1
0.059,0.938,columna,inclinada,0,0,1,1,1,0,anillo,1
0.753,0.257,zapata,vertical,1,1,0,1,0,1,difusa,0
0.787,0.237,zapata,vertical,1,1,1,1,0,0,lineal,0
0.859,0.131,viga,vertical,1,0,1,1,1,1,lineal,0
0.769,0.232,viga,vertical,1,0,1,1,0,0,lineal,0
0.827,0.211,viga,vertical,1,1,1,1,1,0,lineal,0
0.769,0.212,zapata,longitudinal,1,0,1,1,1,0,lineal,0
0.139,0.844,columna,inclinada,0,0,0,1,1,0,poligonal,1
0.132,0.833,viga,inclinada,0,0,0,0,0,0,piramidal,1
0.109,0.891,zapata,inclinada,1,0,0,0,0,0,anillo,1
0.068,0.945,zapata,radial,0,1,0,1,0,0,piramidal,1
0.325,0.665,losa,inclinada,0,0,0,0,1,0,poligonal,1
0.829,0.172,zapata,longitudinal,1,0,1,1,0,0,lineal,0
0.723,0.261,columna,longitudinal,1,0,0,1,0,0,lineal,0
0.074,0.939,zapata,radial,0,1,0,0,0,0,anillo,1
0.553,0.459,columna,longitudinal,1,0,1,1,1,1,difusa,0
0.837,0.16,losa,vertical,1,0,0,0,0,0,lineal,0
0.463,0.548,zapata,inclinada,1,1,0,1,1,0,poligonal,1
0.066,0.932,losa,inclinada,0,0,1,0,0,0,poligonal,1
0.616,0.402,viga,vertical,1,1,1,0,0,1,lineal,0
0.107,0.899,viga,inclinada,0,0,0,0,0,0,piramidal,1
0.829,0.177,columna,longitudinal,0,0,0,1,1,1,difusa,0
0.204,0.804,columna,radial,0,1,0,0,1,0,poligonal,1
0.887,0.135,columna,longitudinal,1,1,1,0,0,0,lineal,0
0.692,0.328,viga,inclinada,1,0,0,1,1,0,poligonal,1
0.799,0.22,losa,longitudinal,1,1,1,0,1,0,lineal,0
0.785,0.199,zapata,vertical,1,1,1,1,0,0,lineal,0
0.294,0.695,zapata,inclinada,0,0,1,0,0,0,piramidal,1
0.932,0.035,losa,longitudinal,1,0,1,1,0,0,difusa,0
0.703,0.324,losa,longitudinal,1,1,1,1,0,0,lineal,0
0.507,0.496,losa,inclinada,0,0,0,0,0,0,anillo,1
0.824,0.171,losa,longitudinal,1,0,1,1,0,0,difusa,0
0.837,0.191,zapata,longitudinal,1,1,1,1,0,1,lineal,0
0.188,0.818,zapata,radial,0,0,1,0,0,0,piramidal,1
0.667,0.303,viga,longitudinal,1,0,0,1,1,1,difusa,0
0.733,0.263,zapata,longitudinal,1,0,0,1,0,0,lineal,0
0.399,0.622,viga,longitudinal,1,1,1,1,1,0,difusa,0
0.848,0.083,losa,longitudinal,1,0,1,0,0,0,lineal,0
0.407,0.572,zapata,inclinada,0,0,0,1,1,0,piramidal,1
0.571,0.423,zapata,longitudinal,1,1,1,1,0,1,lineal,0
0.839,0.152,losa,longitudinal,1,0,0,0,0,0,lineal,0
0.374,0.616,viga,inclinada,0,0,0,1,0,0,anillo,1
0.374,0.625,zapata,radial,0,0,1,0,0,0,poligonal,1
0.045,0.978,losa,radial,0,0,1,0,1,0,anillo,1
0.859,0.114,losa,longitudinal,1,1,0,0,0,0,difusa,0
0.112,0.866,zapata,radial,0,0,1,0,1,0,poligonal,1
0.041,0.936,viga,inclinada,0,0,0,0,1,0,poligonal,1
0.122,0.866,viga,inclinada,0,0,1,0,0,0,anillo,1
0.172,0.78,viga,inclinada,0,0,1,0,1,0,piramidal,1
0.438,0.596,zapata,vertical,1,0,1,1,0,0,difusa,0
0.944,0.067,zapata,longitudinal,1,1,1,1,0,0,lineal,0
0.778,0.229,zapata,longitudinal,1,1,1,0,1,1,lineal,0
0.46,0.585,columna,inclinada,0,0,1,0,0,0,poligonal,1
0.377,0.624,zapata,inclinada,0,0,0,0,0,0,poligonal,1
0.864,0.096,losa,vertical,1,0,1,0,0,1,difusa,0
0.096,0.904,columna,radial,0,0,1,1,0,0,anillo,1
0.369,0.636,columna,inclinada,0,0,1,0,0,0,piramidal,1
0.256,0.757,viga,inclinada,0,0,0,1,1,0,poligonal,1
0.509,0.484,losa,inclinada,0,0,0,1,0,0,piramidal,1
0.143,0.864,losa,inclinada,1,0,1,1,0,0,piramidal,1
0.135,0.834,zapata,radial,0,0,1,1,1,0,anillo,1
0.578,0.402,columna,longitudinal,1,0,1,1,1,0,difusa,0
0.12,0.897,viga,inclinada,0,0,0,1,0,0,piramidal,1
0.938,0.076,columna,longitudinal,1,1,0,1,1,0,lineal,0
0.368,0.616,losa,longitudinal,0,0,1,0,0,0,difusa,0
0.12,0.876,columna,inclinada,0,0,0,1,0,0,anillo,1
0.645,0.368,zapata,vertical,1,0,1,1,0,1,lineal,0
0.462,0.523,columna,longitudinal,1,1,1,1,0,0,lineal,0
0.103,0.901,viga,inclinada,0,1,1,0,1,0,poligonal,1
0.669,0.351,viga,longitudinal,0,1,1,0,0,0,difusa,0
0.628,0.37,losa,longitudinal,1,1,0,1,0,1,difusa,0
0.874,0.127,columna,longitudinal,1,0,1,1,1,1,difusa,0
0.229,0.756,zapata,radial,0,0,1,0,0,0,poligonal,1
0.487,0.509,losa,inclinada,0,1,1,0,0,0,poligonal,1
0.804,0.194,viga,longitudinal,1,1,1,1,0,0,lineal,0
0.877,0.138,losa,longitudinal,1,1,0,1,0,0,lineal,0
0.222,0.78,losa,inclinada,0,0,0,0,1,0,poligonal,1
0.864,0.159,losa,longitudinal,1,0,0,0,0,0,lineal,0
0.128,0.86,columna,radial,0,0,0,1,0,0,anillo,1
0.508,0.475,viga,inclinada,1,0,0,0,1,0,piramidal,1
0.251,0.732,columna,inclinada,0,0,1,0,1,0,poligonal,1
0.388,0.646,viga,inclinada,0,0,0,0,0,0,poligonal,1
0.768,0.211,columna,longitudinal,1,1,1,1,0,1,lineal,0
0.793,0.195,losa,longitudinal,1,1,0,1,0,0,difusa,0
0.505,0.485,zapata,inclinada,0,0,1,0,0,0,piramidal,1
0.908,0.102,zapata,longitudinal,1,1,0,1,0,1,lineal,0
0.713,0.285,columna,longitudinal,1,0,1,1,0,1,lineal,0
0.66,0.382,columna,longitudinal,1,1,1,1,1,0,difusa,0
0.272,0.753,losa,inclinada,0,0,1,0,1,0,piramidal,1
0.597,0.376,losa,longitudinal,1,1,1,0,0,1,lineal,0
0.7,0.339,viga,inclinada,0,0,1,1,0,0,piramidal,1
0.069,0.93,zapata,inclinada,0,0,0,0,0,0,poligonal,1
0.584,0.403,viga,longitudinal,1,1,1,1,1,0,lineal,0
0.641,0.367,zapata,inclinada,0,0,0,0,0,0,anillo,1
0.166,0.829,losa,inclinada,0,0,0,1,1,1,piramidal,1
0.969,0.035,viga,vertical,1,1,1,0,0,1,lineal,0
0.05,0.951,viga,radial,1,0,1,1,0,0,piramidal,1
0.63,0.384,losa,vertical,1,1,0,0,0,1,difusa,0
0.509,0.487,losa,longitudinal,1,0,1,0,1,1,difusa,0
0.194,0.809,losa,radial,1,1,0,0,1,0,anillo,1
0.753,0.232,zapata,longitudinal,1,1,0,1,0,0,lineal,0
0.262,0.721,columna,inclinada,0,1,1,0,1,0,poligonal,1
0.352,0.636,viga,inclinada,0,1,1,0,1,0,poligonal,1
0.722,0.262,columna,vertical,1,0,1,1,1,0,difusa,0
0.567,0.437,columna,longitudinal,1,1,1,1,0,0,difusa,0
0.357,0.663,columna,radial,0,1,0,1,0,0,anillo,1
0.673,0.308,viga,vertical,0,1,0,1,0,0,lineal,0
0.153,0.823,zapata,inclinada,1,0,0,1,1,0,poligonal,1
0.851,0.154,columna,vertical,0,0,0,1,0,1,difusa,0
0.34,0.635,columna,inclinada,0,0,0,0,1,0,poligonal,1
0.02,0.953,columna,inclinada,0,0,0,1,0,0,piramidal,1
0.791,0.206,losa,vertical,1,0,0,1,1,0,lineal,0
0.424,0.586,zapata,inclinada,0,1,0,0,1,0,anillo,1
0.8,0.235,columna,longitudinal,1,0,0,1,1,0,lineal,0
0.012,0.972,columna,radial,0,0,0,0,1,0,poligonal,1
0.193,0.802,viga,radial,0,0,0,1,1,0,anillo,1
0.62,0.401,columna,inclinada,0,0,0,1,0,0,poligonal,1
0.677,0.323,zapata,longitudinal,1,0,1,0,1,1,lineal,0
0.547,0.425,columna,longitudinal,1,1,1,1,1,0,lineal,0
0.926,0.107,viga,longitudinal,1,0,1,1,1,1,lineal,0
0.371,0.629,viga,inclinada,0,0,0,0,0,0,anillo,1
0.466,0.52,columna,radial,0,0,0,0,0,1,piramidal,1
0.322,0.675,losa,inclinada,1,0,1,0,0,0,poligonal,1
0.396,0.597,viga,inclinada,1,1,1,0,1,0,poligonal,1
0.058,0.974,zapata,inclinada,0,0,0,0,0,0,poligonal,1
0.82,0.199,columna,longitudinal,1,1,1,1,1,1,lineal,0
0.899,0.122,losa,vertical,1,1,1,0,0,0,lineal,0
0.503,0.492,columna,inclinada,1,0,1,0,1,0,piramidal,1
0.219,0.814,zapata,inclinada,0,0,1,1,0,0,piramidal,1
0.147,0.846,viga,radial,1,0,0,0,0,0,anillo,1
0.639,0.362,columna,vertical,0,1,1,1,0,0,lineal,0
0.282,0.747,losa,inclinada,0,0,0,0,0,0,poligonal,1
0.213,0.791,columna,inclinada,0,0,1,0,1,0,poligonal,1
0.273,0.713,zapata,inclinada,0,1,0,0,0,0,anillo,1
0.222,0.755,viga,inclinada,0,0,0,0,1,0,anillo,1
0.893,0.094,viga,vertical,1,1,0,1,1,0,lineal,0
0.184,0.812,zapata,radial,0,0,0,1,0,0,piramidal,1
0.311,0.698,zapata,radial,0,0,1,0,0,0,poligonal,1
0.533,0.468,columna,inclinada,0,0,1,0,0,0,piramidal,1
0.867,0.148,viga,longitudinal,1,1,1,1,1,0,lineal,0
0.584,0.398,columna,longitudinal,1,1,1,1,1,0,difusa,0
0.839,0.196,zapata,longitudinal,1,0,1,0,0,1,lineal,0
0.815,0.193,viga,vertical,1,1,0,1,1,1,difusa,0
0.233,0.759,viga,radial,0,0,0,1,1,0,poligonal,1
0.328,0.62,columna,radial,0,0,1,1,0,0,piramidal,1
0.837,0.147,losa,longitudinal,0,1,1,0,0,0,lineal,0
0.718,0.293,zapata,longitudinal,1,0,1,1,1,0,lineal,0
0.181,0.823,viga,inclinada,0,0,1,0,0,0,anillo,1
0.341,0.682,zapata,radial,1,0,1,0,1,0,anillo,1
0.239,0.769,columna,inclinada,0,0,1,0,0,0,piramidal,1
0.331,0.662,columna,longitudinal,1,1,1,1,1,1,lineal,0
0.629,0.387,columna,vertical,1,1,1,1,0,0,lineal,0
0.855,0.153,columna,longitudinal,0,0,0,0,1,0,difusa,0
0.841,0.146,columna,longitudinal,0,0,0,1,0,1,difusa,0
0.107,0.907,losa,inclinada,1,1,0,0,0,0,poligonal,1
0.359,0.658,zapata,inclinada,0,0,1,1,1,0,piramidal,1
0.063,0.878,zapata,radial,0,0,1,0,0,0,anillo,1
0.092,0.905,viga,inclinada,0,0,1,0,0,1,poligonal,1
0.685,0.313,zapata,longitudinal,1,0,0,0,1,0,lineal,0
0.875,0.123,zapata,longitudinal,1,1,0,0,0,0,lineal,0
0.701,0.287,zapata,longitudinal,1,0,1,1,1,0,difusa,0
0.929,0.101,zapata,longitudinal,1,0,0,1,1,0,lineal,0
0.813,0.23,losa,longitudinal,1,1,1,1,0,1,lineal,0
0.685,0.342,zapata,radial,0,0,0,1,1,0,poligonal,1
0.7,0.269,viga,longitudinal,0,0,1,1,0,1,difusa,0
0.788,0.208,zapata,longitudinal,0,1,1,1,1,0,lineal,0
0.721,0.307,zapata,longitudinal,1,1,1,1,1,0,difusa,0
0.57,0.398,zapata,longitudinal,1,0,1,0,0,1,lineal,0
0.905,0.109,viga,longitudinal,1,1,0,1,1,0,lineal,0
0.688,0.294,losa,longitudinal,1,1,1,1,0,1,lineal,0
0.407,0.576,viga,vertical,1,0,0,1,0,0,lineal,0
0.231,0.735,losa,inclinada,0,0,1,0,0,0,anillo,1
0.335,0.679,viga,inclinada,0,0,0,0,1,0,anillo,1
0.201,0.791,zapata,radial,0,0,1,0,1,0,anillo,1
0.42,0.597,losa,inclinada,0,1,1,1,0,0,poligonal,1
0.803,0.184,viga,longitudinal,1,1,1,1,1,0,lineal,0
0.074,0.895,viga,inclinada,0,0,1,0,0,0,anillo,1
0.831,0.164,losa,vertical,0,1,1,1,0,0,lineal,0
0.264,0.735,viga,inclinada,1,0,0,0,0,0,anillo,1
0.249,0.755,viga,inclinada,0,0,0,0,1,0,anillo,1
0.275,0.759,losa,inclinada,0,0,1,1,0,0,anillo,1
0.375,0.642,zapata,longitudinal,1,1,1,1,0,0,lineal,0
0.728,0.3,columna,longitudinal,1,1,1,1,0,1,lineal,0
0.759,0.246,losa,longitudinal,1,1,1,1,0,0,lineal,0
0.129,0.88,losa,inclinada,0,0,0,1,1,0,piramidal,1
0.579,0.388,viga,longitudinal,1,1,1,1,1,1,difusa,0
0.24,0.747,losa,radial,0,1,0,0,1,0,poligonal,1
0.447,0.547,losa,longitudinal,0,0,1,1,0,0,difusa,0
0.788,0.198,zapata,longitudinal,1,1,1,1,0,1,lineal,0
0.957,0.028,losa,longitudinal,1,0,1,1,1,0,lineal,0
0.045,0.98,zapata,inclinada,1,1,0,0,0,0,piramidal,1
0.471,0.532,zapata,radial,1,0,1,0,0,0,piramidal,1
0.34,0.682,zapata,inclinada,0,0,1,1,0,0,piramidal,1
0.881,0.141,columna,vertical,0,1,1,1,1,1,lineal,0
0.879,0.118,zapata,longitudinal,1,1,1,0,0,0,lineal,0
0.285,0.749,columna,radial,0,0,0,0,1,1,piramidal,1
0.316,0.695,columna,inclinada,0,0,1,1,0,0,piramidal,1
0.082,0.881,losa,inclinada,0,1,0,1,0,0,anillo,1
0.645,0.365,losa,vertical,1,0,1,1,0,0,difusa,0
0.093,0.878,losa,inclinada,0,0,1,0,0,0,anillo,1
0.173,0.799,zapata,radial,0,0,1,0,0,0,anillo,1
0.692,0.33,viga,vertical,1,1,1,1,1,0,lineal,0
0.368,0.645,columna,radial,0,0,0,0,0,0,piramidal,1
0.077,0.912,zapata,radial,0,0,0,1,0,0,poligonal,1
0.243,0.801,zapata,inclinada,0,0,0,0,1,0,poligonal,1
0.843,0.156,losa,longitudinal,1,1,1,1,0,0,lineal,0
0.425,0.564,columna,inclinada,0,1,1,0,1,0,poligonal,1
0.253,0.734,zapata,inclinada,0,0,0,0,1,0,piramidal,1
0.162,0.83,viga,radial,0,0,1,1,0,0,anillo,1
0.339,0.654,viga,inclinada,0,0,0,0,1,0,poligonal,1
0.199,0.821,viga,inclinada,0,0,0,0,0,0,poligonal,1
0.643,0.38,viga,vertical,1,1,1,1,0,1,lineal,0
0.638,0.371,zapata,longitudinal,0,1,0,1,0,0,difusa,0
0.196,0.795,columna,radial,0,0,0,0,1,0,poligonal,1
0.086,0.943,viga,inclinada,0,0,1,0,0,0,piramidal,1
0.871,0.13,viga,longitudinal,1,1,1,1,0,0,lineal,0
0.147,0.882,columna,inclinada,0,0,0,0,1,0,anillo,1
0.165,0.829,losa,inclinada,0,0,1,0,0,0,anillo,1
0.445,0.56,columna,inclinada,0,0,0,1,0,0,anillo,1
0.258,0.722,columna,inclinada,0,0,0,1,1,0,anillo,1
0.153,0.832,losa,inclinada,0,0,0,1,1,0,poligonal,1
0.4,0.588,losa,inclinada,0,1,0,1,0,0,piramidal,1
0.299,0.672,zapata,inclinada,0,1,0,0,0,0,anillo,1
0.603,0.406,losa,longitudinal,1,0,1,1,0,1,difusa,0
0.588,0.424,columna,radial,0,1,0,1,1,0,poligonal,1
0.509,0.485,losa,radial,0,0,0,0,1,0,poligonal,1
0.822,0.202,columna,longitudinal,1,0,1,1,0,0,difusa,0
0.415,0.578,columna,longitudinal,1,0,0,0,0,1,difusa,0
0.861,0.143,losa,longitudinal,1,1,1,0,1,0,difusa,0
0.29,0.712,zapata,inclinada,0,0,0,0,0,0,piramidal,1
0.663,0.357,zapata,radial,1,0,0,0,0,0,piramidal,1
0.826,0.186,zapata,longitudinal,1,1,0,1,0,1,difusa,0
0.657,0.341,losa,vertical,1,1,1,0,0,1,lineal,0
0.882,0.088,columna,vertical,1,1,1,1,0,0,lineal,0
0.211,0.796,losa,inclinada,1,0,1,0,0,0,piramidal,1
0.666,0.373,viga,longitudinal,0,1,1,1,0,0,difusa,0
0.492,0.464,viga,inclinada,0,0,0,0,0,0,poligonal,1
0.067,0.918,columna,radial,1,0,0,0,1,0,piramidal,1
0.139,0.823,losa,inclinada,0,1,1,0,0,0,anillo,1
0.976,0.012,columna,longitudinal,1,1,1,0,0,0,difusa,0
0.396,0.61,viga,longitudinal,1,0,1,1,0,1,lineal,0
0.765,0.228,columna,vertical,1,1,1,1,1,0,difusa,0
0.838,0.191,zapata,longitudinal,1,1,0,1,1,1,difusa,0
0.383,0.632,columna,radial,0,1,1,1,0,0,anillo,1
0.444,0.552,viga,longitudinal,0,1,1,1,1,0,lineal,0
0.082,0.932,losa,radial,0,0,1,0,0,0,poligonal,1
0.375,0.629,zapata,inclinada,0,0,0,1,0,0,poligonal,1
0.131,0.903,zapata,inclinada,0,0,1,0,0,1,poligonal,1
0.965,0.009,columna,longitudinal,1,1,1,1,1,0,lineal,0
0.962,0.053,losa,vertical,1,0,1,1,1,0,difusa,0
0.571,0.396,losa,longitudinal,1,0,1,1,1,0,lineal,0
0.904,0.112,viga,longitudinal,1,1,0,0,1,0,lineal,0
0.913,0.1,losa,vertical,1,1,0,1,1,0,difusa,0
0.104,0.88,columna,inclinada,0,1,1,1,1,0,piramidal,1
0.777,0.223,columna,longitudinal,1,1,1,1,0,0,difusa,0
0.714,0.277,columna,vertical,1,0,0,1,1,1,lineal,0
0.414,0.582,zapata,radial,0,0,0,0,0,0,poligonal,1
0.202,0.817,columna,inclinada,0,0,0,0,0,0,anillo,1
0.123,0.868,columna,inclinada,0,0,1,0,0,0,piramidal,1
0.572,0.451,zapata,longitudinal,1,0,1,0,1,0,lineal,0
0.154,0.815,columna,inclinada,0,0,0,1,0,0,poligonal,1
0.158,0.853,viga,radial,0,1,1,0,0,0,piramidal,1
0.053,0.962,columna,inclinada,1,0,1,0,0,0,anillo,1
0.227,0.777,columna,inclinada,0,0,0,1,0,0,piramidal,1
0.735,0.237,zapata,longitudinal,1,0,1,1,0,0,difusa,0
0.277,0.761,zapata,inclinada,0,0,1,0,1,0,piramidal,1
0.635,0.341,columna,longitudinal,1,1,0,1,1,0,lineal,0
0.267,0.733,viga,inclinada,0,0,0,0,1,0,anillo,1
0.577,0.436,columna,vertical,1,0,0,1,0,1,difusa,0
0.63,0.347,viga,longitudinal,1,1,0,1,1,0,lineal,0
0.355,0.617,columna,inclinada,0,1,1,0,0,0,piramidal,1
0.622,0.369,losa,longitudinal,1,0,1,1,0,1,lineal,0
0.167,0.835,losa,inclinada,0,0,1,0,1,0,piramidal,1
0.572,0.428,losa,inclinada,0,0,1,1,0,0,anillo,1
0.119,0.865,columna,inclinada,0,0,1,0,0,0,anillo,1
0.617,0.385,zapata,radial,0,1,1,0,0,0,poligonal,1
0.403,0.606,losa,inclinada,0,0,1,0,1,0,piramidal,1
0.278,0.747,zapata,inclinada,0,0,0,0,0,0,piramidal,1
0.496,0.546,columna,longitudinal,0,1,0,1,1,0,lineal,0
0.507,0.509,columna,radial,0,0,1,0,1,0,poligonal,1
0.351,0.61,zapata,inclinada,0,0,0,0,0,0,anillo,1
0.307,0.708,columna,inclinada,0,0,1,1,0,0,anillo,1
0.529,0.419,zapata,longitudinal,1,0,1,1,0,0,lineal,0
0.151,0.836,viga,inclinada,0,0,0,0,1,1,piramidal,1
0.079,0.928,zapata,inclinada,0,0,1,0,0,0,piramidal,1
0.252,0.756,zapata,inclinada,0,1,0,1,0,0,poligonal,1
0.737,0.269,zapata,longitudinal,1,1,1,1,1,1,lineal,0
0.662,0.368,columna,longitudinal,1,1,0,1,1,0,lineal,0
0.217,0.755,viga,radial,0,0,1,0,0,0,piramidal,1
0.257,0.749,columna,inclinada,0,0,1,0,0,1,anillo,1
0.785,0.218,viga,vertical,1,1,1,1,0,0,difusa,0
0.757,0.219,columna,longitudinal,1,0,0,1,1,0,lineal,0
0.305,0.714,viga,inclinada,1,0,1,0,0,0,anillo,1
0.191,0.832,zapata,inclinada,1,0,1,0,1,0,anillo,1
0.537,0.471,columna,inclinada,0,0,0,1,0,0,anillo,1
0.219,0.757,viga,inclinada,0,0,1,0,0,0,anillo,1
0.779,0.205,columna,longitudinal,1,0,0,1,1,1,difusa,0
0.782,0.242,columna,longitudinal,0,0,0,1,0,0,lineal,0
0.541,0.478,zapata,radial,0,1,0,1,0,0,anillo,1
0.535,0.449,columna,longitudinal,1,1,1,1,0,0,lineal,0
0.0,0.994,losa,radial,0,0,1,1,0,0,piramidal,1
0.231,0.802,columna,inclinada,1,1,1,0,1,1,piramidal,1
0.582,0.413,viga,longitudinal,0,1,0,0,1,0,lineal,0
0.483,0.507,losa,inclinada,0,0,1,1,0,0,poligonal,1
0.873,0.109,viga,longitudinal,1,0,1,1,0,0,lineal,0
0.398,0.581,zapata,vertical,1,0,1,0,0,1,lineal,0
0.3,0.7,columna,inclinada,0,0,0,1,1,0,piramidal,1
0.765,0.224,losa,longitudinal,1,1,1,0,0,1,lineal,0
0.732,0.265,losa,longitudinal,1,0,1,0,1,0,difusa,0
0.575,0.395,losa,longitudinal,1,1,1,1,1,0,lineal,0
0.209,0.804,viga,radial,1,0,1,0,0,0,poligonal,1
0.86,0.139,zapata,vertical,1,0,1,1,0,0,lineal,0
0.597,0.443,zapata,inclinada,0,0,0,1,0,0,anillo,1
0.844,0.124,columna,longitudinal,1,0,1,1,0,1,lineal,0
0.289,0.694,losa,inclinada,0,0,1,0,0,0,piramidal,1
0.604,0.41,viga,longitudinal,1,1,1,1,1,0,lineal,0
0.401,0.637,zapata,inclinada,0,0,1,0,0,0,anillo,1
0.671,0.349,columna,longitudinal,1,1,1,1,0,0,lineal,0
0.813,0.177,columna,longitudinal,1,1,1,1,1,0,lineal,0
0.652,0.357,viga,inclinada,0,0,1,0,0,1,piramidal,1
0.755,0.27,columna,inclinada,0,0,1,1,0,0,poligonal,1
0.555,0.46,columna,inclinada,0,0,0,1,0,0,piramidal,1
0.456,0.525,losa,longitudinal,1,0,1,1,1,1,lineal,0
0.11,0.893,viga,inclinada,0,0,0,0,1,0,piramidal,1
0.488,0.521,losa,inclinada,1,0,0,0,1,0,poligonal,1
0.822,0.178,losa,longitudinal,1,1,1,1,0,0,difusa,0
0.35,0.641,viga,inclinada,0,0,1,0,0,0,piramidal,1
0.508,0.512,viga,inclinada,0,1,1,0,1,0,anillo,1
0.155,0.852,losa,inclinada,0,0,0,0,0,0,anillo,1
0.251,0.78,viga,radial,0,1,1,0,0,0,poligonal,1
0.109,0.883,losa,radial,0,1,0,1,1,0,piramidal,1
0.56,0.448,columna,radial,1,0,0,1,1,1,poligonal,1
0.355,0.653,zapata,inclinada,0,0,0,0,1,0,poligonal,1
0.303,0.705,losa,inclinada,0,0,1,1,1,0,piramidal,1
0.483,0.482,losa,inclinada,0,0,0,0,0,0,poligonal,1
0.113,0.899,zapata,radial,0,0,1,0,0,0,anillo,1
0.423,0.597,viga,longitudinal,1,1,1,1,0,1,difusa,0
0.582,0.401,zapata,inclinada,0,0,1,0,0,0,poligonal,1
0.403,0.61,losa,vertical,1,0,1,1,1,0,difusa,0
0.744,0.273,zapata,longitudinal,1,1,1,0,0,0,lineal,0
0.454,0.545,viga,inclinada,1,0,1,0,1,0,piramidal,1
0.897,0.086,zapata,longitudinal,1,0,1,1,0,1,lineal,0
0.245,0.741,viga,inclinada,0,0,0,0,0,0,piramidal,1
0.408,0.568,viga,radial,0,0,0,0,0,0,poligonal,1
0.868,0.124,viga,longitudinal,0,0,1,1,0,0,difusa,0
0.852,0.175,viga,longitudinal,1,1,1,1,0,1,lineal,0
0.149,0.846,zapata,inclinada,0,0,1,0,0,0,piramidal,1
0.879,0.117,zapata,longitudinal,1,1,1,0,0,0,lineal,0
0.18,0.834,losa,radial,0,0,1,0,1,0,anillo,1
0.243,0.773,viga,radial,0,0,1,0,0,0,anillo,1
0.549,0.471,zapata,inclinada,1,0,0,0,0,0,poligonal,1
0.1,0.885,columna,inclinada,0,1,1,0,1,0,anillo,1
0.753,0.245,columna,longitudinal,0,1,1,1,0,0,difusa,0
0.897,0.108,viga,longitudinal,1,0,1,1,1,1,lineal,0
0.479,0.571,viga,inclinada,1,0,0,0,0,0,anillo,1
0.023,0.963,losa,inclinada,0,0,0,1,0,0,anillo,1
0.472,0.551,losa,longitudinal,1,1,1,1,0,0,difusa,0
0.541,0.422,zapata,inclinada,0,0,1,0,1,0,poligonal,1
0.37,0.631,losa,inclinada,1,0,1,0,1,0,piramidal,1
0.025,0.972,losa,inclinada,0,1,0,0,1,0,poligonal,1
0.026,0.955,viga,radial,0,0,0,1,0,0,piramidal,1
0.05,0.938,zapata,radial,0,0,1,0,1,0,piramidal,1
0.178,0.846,columna,inclinada,0,0,1,0,1,0,piramidal,1
0.446,0.573,losa,radial,0,0,0,0,1,0,anillo,1
0.177,0.835,viga,inclinada,0,0,0,0,0,0,anillo,1
0.884,0.115,columna,longitudinal,1,1,1,1,0,1,lineal,0
0.071,0.932,losa,radial,0,0,1,1,0,0,piramidal,1
0.693,0.301,zapata,longitudinal,1,1,1,1,0,0,lineal,0
0.808,0.205,viga,vertical,1,0,1,0,1,0,lineal,0
0.479,0.502,viga,radial,0,0,1,0,0,0,piramidal,1
0.236,0.791,losa,inclinada,0,0,0,0,0,0,piramidal,1
0.227,0.775,losa,inclinada,0,0,0,0,1,0,poligonal,1
0.256,0.748,columna,inclinada,1,0,0,0,0,0,poligonal,1
0.714,0.292,losa,longitudinal,1,1,1,1,1,0,difusa,0
0.933,0.097,zapata,longitudinal,1,0,0,1,0,0,difusa,0
0.173,0.813,losa,radial,0,0,1,1,1,0,poligonal,1
0.534,0.462,viga,longitudinal,1,0,1,1,0,0,lineal,0
0.234,0.766,zapata,inclinada,0,0,0,1,1,1,anillo,1
0.792,0.207,zapata,vertical,0,1,1,1,1,1,lineal,0
0.818,0.179,columna,longitudinal,1,1,0,1,1,0,lineal,0
0.961,0.015,columna,longitudinal,1,1,1,1,0,0,difusa,0
0.536,0.503,viga,longitudinal,1,0,1,0,0,0,lineal,0
0.657,0.365,losa,longitudinal,1,0,1,0,1,0,lineal,0
0.9,0.135,zapata,longitudinal,1,0,0,1,1,0,lineal,0
0.044,0.956,viga,inclinada,0,0,1,0,1,0,piramidal,1
0.181,0.791,zapata,inclinada,0,0,0,0,0,0,anillo,1
0.455,0.552,zapata,longitudinal,1,1,1,0,0,0,lineal,0
0.718,0.297,viga,longitudinal,1,1,1,1,1,1,difusa,0
0.576,0.431,columna,longitudinal,1,1,0,0,1,0,difusa,0
0.075,0.898,zapata,inclinada,1,1,0,0,1,0,piramidal,1
0.812,0.202,losa,longitudinal,1,0,0,1,1,0,lineal,0
0.811,0.174,columna,longitudinal,1,1,1,1,0,0,lineal,0
0.874,0.133,zapata,vertical,1,1,0,1,1,0,difusa,0
0.282,0.706,zapata,inclinada,1,0,1,1,1,0,poligonal,1
0.967,0.013,zapata,longitudinal,1,0,0,0,0,0,lineal,0
0.278,0.708,columna,radial,0,0,1,0,1,0,anillo,1
0.035,0.958,losa,inclinada,0,0,1,1,0,0,poligonal,1
0.144,0.837,zapata,inclinada,0,0,1,0,0,0,piramidal,1
0.662,0.334,losa,longitudinal,1,1,1,1,1,1,lineal,0
0.195,0.848,zapata,inclinada,0,1,1,0,1,0,poligonal,1
0.858,0.141,losa,longitudinal,1,1,1,0,0,1,difusa,0
0.049,0.95,columna,inclinada,0,0,1,1,0,0,poligonal,1
0.889,0.083,losa,longitudinal,1,0,1,1,1,1,lineal,0
0.384,0.595,losa,inclinada,0,0,0,0,0,0,piramidal,1
0.737,0.285,viga,vertical,1,1,1,0,1,1,lineal,0
0.515,0.477,zapata,inclinada,0,0,0,1,0,0,anillo,1
0.692,0.301,columna,longitudinal,1,0,1,0,1,1,difusa,0
0.663,0.334,zapata,longitudinal,1,0,0,1,0,0,difusa,0
0.338,0.648,columna,inclinada,1,0,1,0,0,0,piramidal,1
0.96,0.055,zapata,longitudinal,1,0,1,1,1,0,lineal,0
0.536,0.446,viga,inclinada,0,0,1,1,1,0,poligonal,1
0.324,0.668,columna,radial,0,0,0,0,0,0,anillo,1
0.788,0.189,losa,longitudinal,0,1,1,1,0,0,difusa,0
0.354,0.633,columna,inclinada,1,1,1,1,0,0,anillo,1
0.387,0.628,columna,radial,0,0,1,0,0,0,poligonal,1
0.123,0.872,viga,inclinada,0,0,0,0,0,0,poligonal,1
0.632,0.39,viga,vertical,1,0,1,1,0,1,difusa,0
0.855,0.182,losa,vertical,1,1,0,0,1,0,difusa,0
0.536,0.488,losa,inclinada,0,0,1,0,1,0,anillo,1
0.892,0.111,losa,longitudinal,1,1,1,1,0,0,lineal,0
0.048,0.939,zapata,inclinada,0,0,1,1,1,0,anillo,1
0.8,0.241,columna,longitudinal,1,0,1,0,1,1,lineal,0
0.392,0.571,columna,inclinada,1,1,0,1,1,0,anillo,1
0.809,0.204,viga,longitudinal,1,0,1,1,0,1,difusa,0
0.014,0.967,losa,inclinada,0,0,1,0,1,0,anillo,1
0.858,0.155,zapata,longitudinal,1,0,0,1,0,1,lineal,0
0.536,0.446,columna,longitudinal,1,0,0,0,1,1,lineal,0
0.411,0.611,columna,longitudinal,1,1,1,1,0,0,lineal,0
0.244,0.747,columna,inclinada,0,0,1,1,1,0,piramidal,1
0.766,0.193,viga,longitudinal,1,0,1,1,0,0,difusa,0
0.215,0.783,losa,longitudinal,1,0,0,1,0,0,difusa,0
0.205,0.806,zapata,radial,0,0,0,1,0,0,anillo,1
0.721,0.285,columna,longitudinal,1,0,1,1,1,0,difusa,0
0.018,0.965,columna,inclinada,0,1,1,0,0,0,anillo,1
0.403,0.598,losa,inclinada,0,0,0,0,1,0,piramidal,1
0.392,0.601,losa,radial,1,1,0,0,0,0,poligonal,1
0.772,0.224,columna,longitudinal,1,1,1,1,0,0,lineal,0
0.39,0.575,losa,inclinada,0,0,0,0,0,0,poligonal,1
0.569,0.449,columna,inclinada,0,0,0,0,1,0,poligonal,1
0.371,0.623,losa,inclinada,0,1,0,0,0,0,anillo,1
0.62,0.391,losa,longitudinal,1,0,1,1,0,0,difusa,0
0.383,0.639,viga,inclinada,0,0,0,0,0,0,piramidal,1
0.634,0.371,viga,inclinada,0,0,1,0,0,0,piramidal,1
0.74,0.226,columna,vertical,1,1,0,1,1,0,lineal,0
0.35,0.65,zapata,inclinada,0,0,1,1,0,0,poligonal,1
0.959,0.05,columna,longitudinal,1,0,0,0,1,0,lineal,0
0.385,0.653,columna,inclinada,0,0,1,0,0,0,piramidal,1
0.339,0.677,losa,inclinada,0,0,0,0,1,0,piramidal,1
0.733,0.287,losa,longitudinal,1,1,1,1,1,1,lineal,0
0.99,0.017,zapata,vertical,1,0,1,1,0,0,lineal,0
0.804,0.227,losa,longitudinal,1,1,0,1,1,1,difusa,0
0.459,0.519,zapata,longitudinal,1,1,1,1,0,0,difusa,0
0.307,0.661,zapata,inclinada,0,0,1,0,0,0,anillo,1
0.485,0.527,zapata,vertical,1,0,1,1,0,0,difusa,0
0.239,0.733,zapata,inclinada,1,0,0,1,0,0,anillo,1
0.848,0.146,losa,longitudinal,1,0,1,1,1,0,lineal,0
0.174,0.827,losa,radial,0,0,0,0,1,0,piramidal,1
0.652,0.331,viga,vertical,1,1,1,0,0,1,lineal,0
0.322,0.671,columna,inclinada,0,0,0,0,0,0,piramidal,1
0.014,0.978,columna,inclinada,0,0,1,1,1,0,anillo,1
0.642,0.336,viga,longitudinal,1,0,1,1,0,1,lineal,0
0.341,0.654,losa,vertical,1,1,1,0,0,1,lineal,0
0.752,0.226,zapata,longitudinal,1,1,1,1,1,1,lineal,0
0.732,0.271,zapata,longitudinal,1,0,1,1,1,0,lineal,0
0.15,0.833,losa,inclinada,0,0,1,1,0,0,piramidal,1
0.347,0.666,viga,radial,0,0,1,0,0,0,anillo,1
0.115,0.855,columna,radial,0,0,1,0,1,0,piramidal,1
0.316,0.663,columna,inclinada,0,0,0,1,1,0,poligonal,1
0.15,0.874,zapata,inclinada,0,0,0,0,0,1,anillo,1
